{"training Loss": 6.13297, "_timestamp": 1704924087.7964594, "_runtime": 12.293540477752686, "_step": 0}